customer_city,delivery_time_day
baguari,306.0
caturama,248.0
vigia,205.0
tombos,144.0
olindina,121.5
santo antonio do jacinto,120.33333333333333
muliterno,119.0
sao lourenco da mata,117.5
lajedo,111.0
carlos chagas,102.0
cabedelo,92.0
adhemar de barros,92.0
quintana,74.5
abrantes,74.0
miguel calmon,73.0
inhambupe,71.0
vitoria do mearim,70.0
herval,67.0
tangara da serra,64.5
santo augusto,63.333333333333336
tacaratu,61.0
sapiranga,60.714285714285715
matoes do norte,60.0
niquelandia,59.4
videira,57.06666666666667
ibiraja,56.0
posse,53.833333333333336
barra de santa rosa,53.0
xangri-la,53.0
barra dos coqueiros,53.0
cruzeiro do sul,51.0
paragominas,50.5
guarabira,47.0
aquiraz,47.0
umbauba,46.0
capinzal do norte,45.0
itatiaiucu,45.0
turmalina,44.0
goncalves dias,44.0
lagoa da canoa,43.0
japi,43.0
vera cruz,42.0
sao miguel do gostoso,42.0
campinapolis,42.0
arembepe,41.0
ascurra,41.0
itambe,40.666666666666664
ipameri,40.333333333333336
ceu azul,40.0
ze doca,40.0
santa terezinha,40.0
maracacume,40.0
sombrio,39.333333333333336
janduis,38.0
novo gama,38.0
miranorte,38.0
coxilha,37.0
ibimirim,37.0
cacule,37.0
joao alfredo,37.0
serrita,37.0
igaci,36.0
inhapi,36.0
maioba,36.0
sao joao de pirabas,36.0
biguacu,35.5
apodi,35.333333333333336
sao miguel dos campos,35.0
medicilandia,35.0
bezerros,35.0
mussurepe,35.0
monte gordo,35.0
maceio,34.359375
camaqua,34.0
portalegre,34.0
joselandia,34.0
campo alegre de goias,34.0
itaporanga d'ajuda,34.0
sao bento,34.0
pedra,34.0
candido mendes,34.0
joaquim nabuco,33.333333333333336
oroco,33.0
igapora,33.0
conservatoria,33.0
areia branca dos assis,32.5
macambira,32.0
sao jose de ribamar,32.0
montadas,32.0
ilhabela,31.2
imaculada,31.0
terezinha,31.0
areial,31.0
formoso do araguaia,31.0
capitao poco,31.0
vila nelita,30.5
timon,30.428571428571427
monte verde,30.0
mojui dos campos,30.0
pedra lavrada,30.0
sao joao de meriti,29.930232558139537
ituiutaba,29.705882352941178
varzea grande,29.7
armacao dos buzios,29.5
joao pessoa,29.323529411764707
macaiba,29.0
palmeiras de goias,29.0
leoberto leal,29.0
garrafao do norte,29.0
dom macedo costa,29.0
ipuiuna,29.0
cangucu,29.0
azurita,29.0
adamantina,28.9
sambaiba,28.0
maragogi,28.0
ipecaeta,28.0
floresta do araguaia,28.0
braco do rio,28.0
porto real,28.0
currais novos,27.5
cotegipe,27.0
aratuba,27.0
sao jose do xingu,27.0
cachoeiras de macacu,27.0
canarana,27.0
andrelandia,27.0
vila nova do sul,27.0
barras,27.0
brejo da madre de deus,27.0
monteiropolis,27.0
coruripe,27.0
edeia,27.0
ilheus,26.238095238095237
mata roma,26.0
quijingue,26.0
bertopolis,26.0
vargem grande do soturno,26.0
capao do leao,26.0
engenheiro paulo de frontin,26.0
sao jose de mipibu,26.0
arcoverde,26.0
cururupu,26.0
limoeiro,26.0
mossoro,26.0
portela,26.0
laranjeiras do sul,25.875
domingos martins,25.5
santarem,25.46153846153846
maraba,25.428571428571427
floresta,25.2
jucurutu,25.0
nao-me-toque,25.0
paripueira,25.0
cristal,25.0
maragogipe,25.0
poco de pedra,25.0
tailandia,24.5
rodolfo fernandes,24.5
conceicao do araguaia,24.333333333333332
sao joao dos patos,24.0
crixas,24.0
teotonio vilela,24.0
chapada dos guimaraes,24.0
canaa dos carajas,24.0
breu branco,24.0
piripiri,24.0
arapiraca,24.0
balneario picarras,23.75
bonito,23.75
colombo,23.736842105263158
jaboatao dos guararapes,23.625
macae,23.597014925373134
alto parnaiba,23.5
hortolandia,23.390243902439025
nova vicosa,23.0
ribeirao,23.0
vila nova,23.0
ielmo marinho,23.0
mauriti,23.0
cajueiro,23.0
moju,23.0
piata,23.0
porto trombetas,23.0
bom jesus do araguaia,23.0
jesuitas,23.0
quatro bocas,23.0
jacigua,23.0
carolina,23.0
itau,23.0
santana do sobrado,23.0
bady bassitt,23.0
garopaba,22.727272727272727
manaus,22.59375
senges,22.333333333333332
gravata,22.2
barra do rio azul,22.0
campo verde,22.0
novo progresso,22.0
monte alegre,22.0
caraiba,22.0
trajano de moraes,22.0
santa maria do para,22.0
abaiara,22.0
sao jose do turvo,22.0
pocinhos,22.0
tome-acu,22.0
laranjal do jari,22.0
machadinho,22.0
mara rosa,22.0
uniao dos palmares,22.0
guaiuba,22.0
espumoso,22.0
visconde de maua,22.0
nucleo residencial pilar,22.0
imperatriz,21.75
faxinal dos guedes,21.5
presidente dutra,21.5
barro,21.333333333333332
mongagua,21.133333333333333
castanhal,21.11111111111111
rio novo do sul,21.0
sao vitor,21.0
picarras,21.0
cha de alegria,21.0
santa cruz do prata,21.0
jardim do serido,21.0
penedo,21.0
resende costa,21.0
cachoeira do brumado,21.0
nova mamore,21.0
patu,21.0
paco do lumiar,21.0
flores,21.0
conceicao,21.0
alto paraiso de goias,21.0
iraquara,21.0
pirai do norte,21.0
confresa,21.0
altamira,21.0
barra de santo antonio,21.0
candeias do jamari,21.0
caucaia,20.818181818181817
quirinopolis,20.8
chapeco,20.742857142857144
gouveia,20.5
tanhacu,20.5
alhandra,20.5
santa cruz,20.5
caruaru,20.46153846153846
palmeira dos indios,20.333333333333332
balsas,20.22222222222222
nossa senhora do socorro,20.142857142857142
sume,20.0
ibicuitinga,20.0
euclides da cunha,20.0
sao mateus do maranhao,20.0
cairu,20.0
lagoinha do piaui,20.0
pimenta bueno,20.0
nova bandeirantes,20.0
bonfinopolis,20.0
sao cristovao,20.0
santa cruz cabralia,20.0
xapuri,20.0
ipupiara,20.0
nossa senhora da gloria,20.0
pesqueira,20.0
graccho cardoso,20.0
mascote,20.0
abelardo luz,20.0
sirinhaem,20.0
julio de castilhos,20.0
carai,20.0
sao bento do una,20.0
lagoa da confusao,20.0
parelhas,20.0
barro alto,20.0
escada,20.0
araripina,20.0
pocao,20.0
novo oriente,20.0
nova olimpia,20.0
pau d'arco,20.0
passa tres,20.0
paraibano,20.0
tucano,19.666666666666668
camaragibe,19.666666666666668
itaborai,19.53846153846154
sao joao d'alianca,19.5
seringueiras,19.5
pacaja,19.5
comodoro,19.5
coremas,19.5
salvador,19.495652173913044
rosario do sul,19.428571428571427
sao miguel do iguacu,19.333333333333332
cristalina,19.333333333333332
itaperuna,19.3
lagarto,19.25
ananindeua,19.066666666666666
malhador,19.0
castanheiras,19.0
itapissuma,19.0
bela cruz,19.0
castelo,19.0
agua branca,19.0
santa amelia,19.0
sao sebastiao do passe,19.0
parauapebas,19.0
teixeira soares,19.0
lagoa do piaui,19.0
quixere,19.0
macaubas,19.0
itaoca,19.0
barcarena,19.0
vila reis,19.0
icapui,19.0
espigao alto do iguacu,19.0
carmolandia,19.0
bodo,19.0
goiatuba,19.0
poco verde,19.0
alagoinhas,19.0
ibicarai,19.0
canavieiras,19.0
hidrolina,19.0
atilio vivacqua,19.0
morro de sao paulo,19.0
ouricuri,19.0
pirambu,19.0
jauru,19.0
palmeira,19.0
aracaju,18.753623188405797
belem,18.66923076923077
sangao,18.666666666666668
campo formoso,18.6
porto seguro,18.6
vera,18.5
santa ines,18.5
timbauba,18.5
ourilandia do norte,18.5
charrua,18.5
sitio do quinto,18.5
tucurui,18.333333333333332
jaboticabal,18.235294117647058
santo amaro,18.125
ocara,18.0
macapa,18.0
vargem bonita,18.0
tres coroas,18.0
osvaldo kroeff,18.0
sanharo,18.0
carmesia,18.0
senhora de oliveira,18.0
david canabarro,18.0
barra do mendes,18.0
jaguaruana,18.0
bonito de minas,18.0
brotas de macaubas,18.0
amargosa,18.0
rio das antas,18.0
sao tomas de aquino,18.0
acarau,18.0
guamare,18.0
lagoa de velhos,18.0
coelho neto,18.0
acopiara,18.0
reserva do cabacal,18.0
major porto,18.0
pontao,18.0
peixe,18.0
vila rica,18.0
ipiabas,18.0
uruara,18.0
boa vista,17.8
aracati,17.8
arroio do sal,17.666666666666668
ariquemes,17.666666666666668
nova friburgo,17.595238095238095
candido sales,17.5
sooretama,17.5
jabora,17.5
olho d'agua das flores,17.5
esperanca,17.5
santa maria de jetiba,17.5
claudia,17.333333333333332
sao luis,17.285714285714285
sao domingos,17.25
valenca,17.25
barrinha,17.22222222222222
francisco morato,17.035714285714285
inaciolandia,17.0
goiana,17.0
canto do buriti,17.0
sape,17.0
sao vendelino,17.0
sao vicente ferrer,17.0
bofete,17.0
grajau,17.0
varzea paulista,17.0
granja,17.0
antonio pereira,17.0
novo cabrais,17.0
jose de freitas,17.0
novo alegre,17.0
catuipe,17.0
dom eliseu,17.0
sumidouro,17.0
araguaina,17.0
porto grande,17.0
junco do serido,17.0
luis correia,17.0
corrente,17.0
ibitira,17.0
muqui,17.0
agua nova,17.0
camocim,17.0
tanque d'arca,17.0
madre de deus,17.0
concordia do para,17.0
bom jesus da serra,17.0
xaxim,17.0
campo novo do parecis,17.0
pombal,17.0
santana do acarau,17.0
sao miguel das matas,17.0
ouro preto do oeste,17.0
seberi,17.0
jaciara,17.0
santana,17.0
bom repouso,17.0
sao goncalo,16.976923076923075
pinhais,16.842105263157894
cruz das almas,16.75
paulo afonso,16.727272727272727
rondon do para,16.666666666666668
santa cruz do capibaribe,16.666666666666668
campina grande,16.65
rio branco,16.607142857142858
carmo,16.6
ipojuca,16.571428571428573
urussanga,16.5
aguas de sao pedro,16.5
campo alegre,16.5
ubaitaba,16.5
vitoria de santo antao,16.5
sao vicente,16.44
petrolina,16.40740740740741
recife,16.36024844720497
jacunda,16.333333333333332
mandaguari,16.333333333333332
curuca,16.333333333333332
sinop,16.307692307692307
redencao,16.285714285714285
feira nova,16.25
estancia,16.25
luis eduardo magalhaes,16.25
juazeiro,16.214285714285715
itapipoca,16.2
teresina,16.2
lucas do rio verde,16.125
fortaleza,16.11111111111111
capinzal,16.0
pendencias,16.0
santa luzia do norte,16.0
morrinhos,16.0
pereiro,16.0
ichu,16.0
limoeiro do norte,16.0
catu,16.0
igarape-acu,16.0
cruz,16.0
ibateguara,16.0
campanha,16.0
doutor mauricio cardoso,16.0
alto paraiso,16.0
penaforte,16.0
meruoca,16.0
lago da pedra,16.0
madalena,16.0
assai,16.0
cedral,16.0
pires do rio,16.0
inaja,16.0
camacan,16.0
quixeramobim,16.0
camutanga,16.0
itapora,16.0
chapadao do lageado,16.0
itapirapua,16.0
virginopolis,16.0
monsenhor tabosa,16.0
morada nova,16.0
braganca,16.0
lobato,16.0
taquarana,16.0
augustinopolis,16.0
itariri,16.0
avelino lopes,16.0
pau dos ferros,16.0
santo amaro das brotas,16.0
itaju do colonia,16.0
itaqui,16.0
itapemirim,16.0
cuite velho,16.0
itaporanga,16.0
custodia,16.0
senador amaral,16.0
pouso novo,16.0
mata de sao joao,16.0
indianopolis,16.0
vicencia,16.0
serra,15.956043956043956
belford roxo,15.902439024390244
getulio vargas,15.8
padre bernardo,15.75
brejo santo,15.75
santo amaro de campos,15.666666666666666
acailandia,15.666666666666666
sao joao do paraiso,15.666666666666666
rio largo,15.666666666666666
macau,15.666666666666666
porto feliz,15.583333333333334
sao jose,15.571428571428571
alto do rodrigues,15.5
antonio cardoso,15.5
rodeio bonito,15.5
upanema,15.5
nepomuceno,15.5
caldas,15.5
sao miguel do guama,15.5
sobradinho,15.5
mendonca,15.5
abatia,15.5
forquilhinha,15.4
natal,15.382352941176471
xinguara,15.333333333333334
joao lisboa,15.333333333333334
serra do ramalho,15.333333333333334
sao luis de montes belos,15.333333333333334
guanambi,15.3
taquaritinga do norte,15.25
jequie,15.142857142857142
floriano,15.125
coaraci,15.0
arrozal,15.0
pedras altas,15.0
itamari,15.0
panelas,15.0
itarema,15.0
vera cruz do oeste,15.0
batalha,15.0
capivari de baixo,15.0
pirapo,15.0
nova itaberaba,15.0
balneario rincao,15.0
fortuna,15.0
corrego do ouro,15.0
sao valentim,15.0
soledade de minas,15.0
balneario arroio do silva,15.0
una,15.0
brasilandia,15.0
varjota,15.0
alto boa vista,15.0
delmiro gouveia,15.0
vila langaro,15.0
santa helena,15.0
vale real,15.0
ribeira do amparo,15.0
satiro dias,15.0
taua,15.0
uirauna,15.0
cabeceira grande,15.0
dianopolis,15.0
condeuba,15.0
rancho queimado,15.0
viana,15.0
aroeiras,15.0
riacho de santana,15.0
novo mundo,15.0
zacarias,15.0
cassilandia,15.0
pio xii,15.0
centenario,15.0
alvares florence,15.0
domiciano ribeiro,15.0
lago verde,15.0
cameta,15.0
pinhao,15.0
ibiara,15.0
groairas,15.0
chacara,15.0
lauro de freitas,14.846153846153847
esteio,14.818181818181818
juina,14.8
sobral,14.8
nova iguacu,14.75912408759124
petrolandia,14.75
codo,14.75
serrinha,14.714285714285714
santo amaro da imperatriz,14.666666666666666
mangueirinha,14.666666666666666
capanema,14.666666666666666
soledade,14.666666666666666
sao jose do cedro,14.666666666666666
aguas de lindoia,14.666666666666666
jacarei,14.64
feliz,14.6
correntina,14.5
eneas marques,14.5
guaiba,14.5
mirinzal,14.5
tres cachoeiras,14.5
boa vista da aparecida,14.5
tres passos,14.5
novo sao joaquim,14.5
papanduva,14.5
santa vitoria do palmar,14.5
rio formoso,14.5
saquarema,14.454545454545455
feira de santana,14.420289855072463
igarassu,14.4
aperibe,14.4
catanduva,14.4
santa maria,14.389830508474576
viamao,14.380952380952381
pirai,14.375
piranguinho,14.333333333333334
japuiba,14.333333333333334
senhor do bonfim,14.285714285714286
santa teresa,14.25
jaru,14.25
juazeiro do norte,14.166666666666666
goiania,14.108695652173912
caceres,14.090909090909092
sao pedro da aldeia,14.083333333333334
anapolis,14.03448275862069
cedro de sao joao,14.0
bataipora,14.0
sao sepe,14.0
sao sebastiao do paraiba,14.0
cacoal,14.0
caxias,14.0
sao jose do vale do rio preto,14.0
barra de guabiraba,14.0
cacu,14.0
barreirinhas,14.0
arvoredo,14.0
chapadinha,14.0
charqueadas,14.0
balneario gaivota,14.0
arroio do tigre,14.0
silveira martins,14.0
castelandia,14.0
witmarsum,14.0
santa cecilia do pavao,14.0
sucupira do norte,14.0
barreiros,14.0
sao joaquim,14.0
termas de ibira,14.0
sao joao do sobrado,14.0
congonhinhas,14.0
coqueiro baixo,14.0
conceicao do jacuipe,14.0
tiradentes,14.0
almino afonso,14.0
conceicao da barra,14.0
alcantara,14.0
abare,14.0
teixeira,14.0
amapa do maranhao,14.0
salto da divisa,14.0
sao joao da mata,14.0
cardoso,14.0
sousa,14.0
triunfo,14.0
caninde,14.0
santo antonio das queimadas,14.0
santo estevao,14.0
campo belo,14.0
sao felix do xingu,14.0
sao francisco do sul,14.0
miranda do norte,14.0
uruana de minas,14.0
presidente tancredo neves,14.0
pirajuba,14.0
governador eugenio barros,14.0
peixoto de azevedo,14.0
pedro osorio,14.0
goiabeira,14.0
gloria de dourados,14.0
varzea do poco,14.0
peabiru,14.0
iguatu,14.0
mamonas,14.0
rio pomba,14.0
pequizeiro,14.0
massape,14.0
matoes,14.0
coronel martins,14.0
coronel joao sa,14.0
manoel ribas,14.0
turvelandia,14.0
missao velha,14.0
coribe,14.0
jaguaribe,14.0
itapiuna,14.0
costa rica,14.0
piedade do rio grande,14.0
humberto de campos,14.0
quilombo,14.0
quissama,14.0
erval grande,14.0
presidente medici,14.0
jose da penha,14.0
lagoa do mato,14.0
ribeiropolis,14.0
nortelandia,14.0
januaria,14.0
urucuia,14.0
madre de deus de minas,14.0
croata,14.0
nova timboteua,14.0
mamanguape,14.0
presidente lucena,14.0
porto lucena,14.0
pirenopolis,14.0
pintadas,14.0
humaita,14.0
rio claro,13.975609756097562
nilopolis,13.8125
raul soares,13.75
belo jardim,13.75
aguas belas,13.666666666666666
picos,13.666666666666666
alto araguaia,13.666666666666666
nova venecia,13.666666666666666
nova xavantina,13.666666666666666
itaquaquecetuba,13.659574468085106
agua boa,13.625
sao goncalo do amarante,13.6
eusebio,13.6
quixada,13.6
nova odessa,13.6
cuiaba,13.596491228070175
olinda,13.555555555555555
vinhedo,13.535714285714286
rio grande,13.527777777777779
colonia vitoria,13.5
carutapera,13.5
candido de abreu,13.5
garibaldi,13.5
milagres,13.5
ibicoara,13.5
patos,13.5
cristalandia,13.5
bituruna,13.5
taguatinga,13.5
balneario pinhal,13.5
arraial d'ajuda,13.5
querencia,13.5
santa branca,13.5
centenario do sul,13.5
santo cristo,13.5
sao tiago,13.5
camacari,13.461538461538462
trindade,13.444444444444445
teixeira de freitas,13.428571428571429
itabuna,13.411764705882353
crateus,13.4
canoas,13.4
itanhaem,13.380952380952381
itiuba,13.333333333333334
chapadao do sul,13.333333333333334
vilhena,13.333333333333334
nova russas,13.333333333333334
santa rita,13.333333333333334
nova hartz,13.333333333333334
altos,13.333333333333334
santa luzia,13.296296296296296
araruama,13.275862068965518
bom jesus da lapa,13.25
vila velha,13.217391304347826
cerro largo,13.2
parnamirim,13.166666666666666
rio negro,13.142857142857142
erechim,13.05
itabela,13.0
vitorinos,13.0
itapetinga,13.0
munhoz,13.0
parambu,13.0
itapage,13.0
paranapoema,13.0
paranhos,13.0
xanxere,13.0
itagi,13.0
sao sebastiao da grama,13.0
pau brasil,13.0
irece,13.0
tabapora,13.0
bom conselho,13.0
bom jardim de minas,13.0
ipiranga do norte,13.0
ipanema,13.0
inocencia,13.0
brasil novo,13.0
paicandu,13.0
imbuia,13.0
jacare,13.0
carire,13.0
itaquitinga,13.0
santa filomena,13.0
mangaratiba,13.0
dom aquino,13.0
leopoldo de bulhoes,13.0
saloa,13.0
russas,13.0
ronda alta,13.0
quixelo,13.0
chaval,13.0
deputado irapuan pinheiro,13.0
dionisio cerqueira,13.0
rio azul,13.0
ribeirao claro,13.0
quilometro 14 do mutum,13.0
palmares,13.0
riacho das almas,13.0
reriutaba,13.0
vicentina,13.0
regeneracao,13.0
santa maria do herval,13.0
castelo do piaui,13.0
estrela velha,13.0
deodapolis,13.0
trancoso,13.0
boquira,13.0
nova canaa,13.0
jacinto,13.0
aracoiaba,13.0
guaruja do sul,13.0
ilicinea,13.0
sao desiderio,13.0
campinorte,13.0
agua clara,13.0
campo do brito,13.0
caldas novas,13.0
girau do ponciano,13.0
cajazeiras,13.0
gaucha do norte,13.0
matrincha,13.0
tocantins,13.0
acreuna,13.0
carambei,13.0
cacaulandia,13.0
sao jorge d'oeste,13.0
ibiracu,13.0
tiangua,13.0
caravelas,13.0
sao joaquim do monte,13.0
capivari do sul,13.0
treze tilias,13.0
capela de santana,13.0
lambari,13.0
heliopolis,13.0
icatu,13.0
cambuquira,13.0
joao camara,13.0
fruta de leite,13.0
araguatins,13.0
araquari,13.0
nova roma,13.0
ananas,13.0
amontada,13.0
simao dias,13.0
arenapolis,13.0
sorriso,13.0
pirpirituba,13.0
silveira carvalho,13.0
juara,13.0
jijoca de jericoacoara,13.0
serra dourada,13.0
bacabal,13.0
telha,13.0
serafina correa,13.0
barbalha,13.0
jacinto machado,13.0
alto caparao,13.0
brodowski,13.0
uniao da serra,13.0
terra nova do norte,13.0
barra mansa,12.975
barreiras,12.95
joinville,12.914285714285715
anchieta,12.9
duque de caxias,12.891304347826088
cabo de santo agostinho,12.857142857142858
porto velho,12.833333333333334
caetite,12.8
parnaiba,12.75
gandu,12.666666666666666
santa rita do araguaia,12.666666666666666
paraiso do norte,12.666666666666666
coroata,12.666666666666666
serra talhada,12.666666666666666
chapadao do ceu,12.666666666666666
umuarama,12.6
ponta pora,12.6
bage,12.578947368421053
campo grande,12.55
garanhuns,12.538461538461538
paulista,12.538461538461538
rio das ostras,12.51063829787234
rodeio,12.5
mantena,12.5
candeias,12.5
andradas,12.5
salto do jacui,12.5
urbano santos,12.5
pedra branca,12.5
rolim de moura,12.5
colider,12.5
alto alegre,12.5
itaueira,12.5
terra rica,12.5
varre-sai,12.5
queimadas,12.5
pentecoste,12.5
sao thome das letras,12.5
cicero dantas,12.5
timburi,12.5
ilhota,12.5
abaetetuba,12.5
bueno brandao,12.5
serranopolis,12.5
jatoba,12.5
oros,12.5
jaragua,12.5
oeiras,12.5
marica,12.444444444444445
porto alegre,12.41019955654102
pelotas,12.407407407407407
aparecida de goiania,12.4
cambui,12.375
santa cruz do sul,12.347826086956522
planaltina,12.333333333333334
joviania,12.333333333333334
ataleia,12.333333333333334
itaipulandia,12.333333333333334
sao francisco de itabapoana,12.333333333333334
nova olinda do maranhao,12.333333333333334
itaiopolis,12.25
tres lagoas,12.25
palmas,12.242424242424242
teresopolis,12.212121212121213
ivoti,12.2
barretos,12.173913043478262
formosa,12.083333333333334
caxias do sul,12.01388888888889
paranaita,12.0
paraguacu,12.0
comercinho,12.0
luminarias,12.0
lunardelli,12.0
ceres,12.0
arame,12.0
paramirim,12.0
alagoinha,12.0
sao sebastiao do alto,12.0
lupionopolis,12.0
vitorino freire,12.0
divino de sao lourenco,12.0
massaranduba,12.0
nova andradina,12.0
riqueza,12.0
terra roxa,12.0
joaima,12.0
serranopolis do iguacu,12.0
baturite,12.0
hidrolandia,12.0
sapucai-mirim,12.0
cariri do tocantins,12.0
epitaciolandia,12.0
pinhotiba,12.0
campina grande do sul,12.0
presidente castello branco,12.0
hidreletrica tucurui,12.0
santana do mundau,12.0
foz do jordao,12.0
queluz,12.0
guajara-mirim,12.0
porteirinha,12.0
gloria do goita,12.0
porecatu,12.0
goianesia do para,12.0
goianinha,12.0
quarai,12.0
quevedos,12.0
tuparetama,12.0
arari,12.0
itapecuru mirim,12.0
rio pardo,12.0
ipixuna do para,12.0
cabaceiras do paraguacu,12.0
cacequi,12.0
cachoeira,12.0
tupi paulista,12.0
ibicare,12.0
caiana,12.0
caico,12.0
acaiaca,12.0
rio negrinho,12.0
sao lourenco do oeste,12.0
paulo jacinto,12.0
ipumirim,12.0
maiquinique,12.0
agrestina,12.0
ipubi,12.0
bodoquena,12.0
passagem,12.0
criciuma,12.0
valenca do piaui,12.0
macuco,12.0
brejo do cruz,12.0
alegre,12.0
angulo,12.0
jandaira,12.0
morro da fumaca,12.0
jacutinga,12.0
suzanapolis,12.0
nova cruz,12.0
padre paraiso,12.0
nova europa,12.0
nova bassano,12.0
pinheiro,12.0
sao sebastiao da serra,12.0
nhandeara,12.0
teolandia,12.0
bom jesus do tocantins,12.0
romelandia,12.0
sao miguel,12.0
inhumas,12.0
rio de janeiro,11.906204906204906
uruacu,11.857142857142858
luziania,11.833333333333334
penha,11.8
eldorado do sul,11.8
butia,11.8
arraial do cabo,11.76923076923077
catalao,11.76923076923077
arceburgo,11.75
cantagalo,11.75
sao joao,11.75
itajuipe,11.666666666666666
itacare,11.666666666666666
sanclerlandia,11.666666666666666
paracambi,11.666666666666666
barra do pirai,11.647058823529411
mostardas,11.6
salinas,11.571428571428571
araucaria,11.571428571428571
dourados,11.571428571428571
palhoca,11.548387096774194
florianopolis,11.53896103896104
goianira,11.5
sao joao nepomuceno,11.5
ita,11.5
mirassol d'oeste,11.5
bayeux,11.5
teofilandia,11.5
mutuipe,11.5
belem do sao francisco,11.5
saudades,11.5
milha,11.5
barra de sao francisco,11.5
diogo de vasconcelos,11.5
tangua,11.5
monnerat,11.5
carapebus,11.5
brusque,11.5
campos belos,11.5
seabra,11.5
sao francisco,11.5
guapo,11.5
ijui,11.470588235294118
conselheiro lafaiete,11.454545454545455
alvorada,11.45
bom jesus,11.4
vitoria da conquista,11.4
mariana,11.4
oliveira,11.375
cariacica,11.375
tramandai,11.363636363636363
sao mateus do sul,11.333333333333334
campos novos,11.333333333333334
vila valerio,11.333333333333334
marialva,11.333333333333334
itamaraju,11.333333333333334
joacaba,11.307692307692308
tres coracoes,11.3
primavera do leste,11.285714285714286
goianesia,11.285714285714286
faxinal,11.25
renascenca,11.25
sao miguel do oeste,11.23076923076923
correia pinto,11.2
itabaiana,11.2
rondonopolis,11.2
maravilha,11.2
guapore,11.142857142857142
cambe,11.11111111111111
avare,11.076923076923077
passo fundo,11.024390243902438
ararica,11.0
poco fundo,11.0
buenos aires,11.0
brazabrantes,11.0
santa isabel do ivai,11.0
serra de sao bento,11.0
toropi,11.0
candido rodrigues,11.0
araguacu,11.0
araponga,11.0
garuva,11.0
valente,11.0
vere,11.0
agua preta,11.0
turvo,11.0
santa cruz de minas,11.0
arenopolis,11.0
reginopolis,11.0
aribice,11.0
cujubim,11.0
montanhas,11.0
silvania,11.0
ecoporanga,11.0
pedra menina,11.0
ilopolis,11.0
guarai,11.0
ocaucu,11.0
sao fernando,11.0
pedrao,11.0
ervalia,11.0
catanduvas,11.0
guarara,11.0
ipiacu,11.0
salgado filho,11.0
cachoeira do sul,11.0
dom feliciano,11.0
trombas,11.0
sao jose do campestre,11.0
sao raimundo nonato,11.0
irai,11.0
sao pedro do ivai,11.0
buriticupu,11.0
guaranta do norte,11.0
guidoval,11.0
doverlandia,11.0
camamu,11.0
dores de campos,11.0
arvorezinha,11.0
santa brigida,11.0
augusto pestana,11.0
torres,11.0
rio doce,11.0
beberibe,11.0
pontal do parana,11.0
miranda,11.0
grao mogol,11.0
ituacu,11.0
uibai,11.0
otacilio costa,11.0
senador guiomard,11.0
grao para,11.0
orizona,11.0
palmeira das missoes,11.0
itubera,11.0
pacatuba,11.0
governador celso ramos,11.0
guabiruba,11.0
campinas do sul,11.0
barra do garcas,11.0
campo novo,11.0
avelar,11.0
jaguaribara,11.0
chaveslandia,11.0
mirante da serra,11.0
porto nacional,11.0
conceicao do caninde,11.0
aparecida do taboado,11.0
estrela d oeste,11.0
sulina,11.0
crato,11.0
roncador,11.0
santana do deserto,11.0
manoel urbano,11.0
teutonia,11.0
formosa do oeste,11.0
amelia rodrigues,11.0
laguna,11.0
nazare,11.0
tres arroios,11.0
caririacu,11.0
mato rico,11.0
loreto,11.0
anastacio,11.0
morretes,11.0
nobres,11.0
anita garibaldi,11.0
nazario,11.0
santa cruz do piaui,11.0
uba,10.944444444444445
concordia,10.944444444444445
volta redonda,10.916666666666666
corumba,10.875
sao sebastiao do cai,10.875
brasilia,10.874363327674024
foz do iguacu,10.84
vacaria,10.833333333333334
igrejinha,10.833333333333334
jacobina,10.8
ji-parana,10.8
afonso claudio,10.8
senador canedo,10.75
jatai,10.736842105263158
nova santa rita,10.666666666666666
campo maior,10.666666666666666
carmo do paranaiba,10.666666666666666
mozarlandia,10.666666666666666
casa nova,10.666666666666666
sao benedito,10.666666666666666
itapitanga,10.666666666666666
itapuranga,10.666666666666666
girua,10.666666666666666
moreno,10.666666666666666
iturama,10.666666666666666
sao gotardo,10.666666666666666
encruzilhada do sul,10.666666666666666
itajobi,10.666666666666666
linhares,10.666666666666666
camboriu,10.636363636363637
ruy barbosa,10.5
itapiranga,10.5
eugenopolis,10.5
carpina,10.5
itapaje,10.5
santa rita de minas,10.5
carmopolis de minas,10.5
santo antonio das missoes,10.5
santos dumont,10.5
rio brilhante,10.5
holambra ii,10.5
rafard,10.5
bom sucesso,10.5
santanesia,10.5
sao pedro de alcantara,10.5
ivai,10.5
ipiau,10.5
narandiba,10.5
prudente de morais,10.5
cristina,10.5
goianapolis,10.5
amambai,10.5
xambioa,10.5
novo hamburgo,10.472222222222221
venancio aires,10.444444444444445
cabo frio,10.444444444444445
niteroi,10.440366972477063
varzea da palma,10.428571428571429
angra dos reis,10.416666666666666
lages,10.409090909090908
laranjal paulista,10.4
gramado,10.363636363636363
neropolis,10.333333333333334
barra da estiva,10.333333333333334
dom pedrito,10.333333333333334
cocal,10.333333333333334
canapolis,10.333333333333334
tubarao,10.318181818181818
marechal candido rondon,10.3
itumbiara,10.3
cachoeirinha,10.263157894736842
venda nova do imigrante,10.25
mafra,10.25
blumenau,10.216666666666667
buritis,10.2
indaial,10.2
caete,10.2
praia grande,10.188888888888888
curvelo,10.176470588235293
balneario camboriu,10.173913043478262
guacui,10.166666666666666
miguel pereira,10.142857142857142
santo antonio de jesus,10.125
campos dos goytacazes,10.055555555555555
sao sebastiao do maranhao,10.0
dom silverio,10.0
guarani,10.0
palestina,10.0
ivinhema,10.0
pindai,10.0
satuba,10.0
sao felipe,10.0
dourado,10.0
grupiara,10.0
esplanada,10.0
itaberaba,10.0
ponto dos volantes,10.0
guaramirim,10.0
goias,10.0
jaguaruna,10.0
pium,10.0
mercedes,10.0
itaguaru,10.0
chapada gaucha,10.0
santa izabel do oeste,10.0
saubara,10.0
itaja,10.0
santa fe,10.0
atalanta,10.0
bataypora,10.0
itambaraca,10.0
jari,10.0
almirante tamandare do sul,10.0
medeiros,10.0
monte azul,10.0
ibirama,10.0
joao neiva,10.0
carlos barbosa,10.0
chui,10.0
cidade gaucha,10.0
monte carlo,10.0
duartina,10.0
cunha pora,10.0
barao ataliba nogueira,10.0
irupi,10.0
sarapui,10.0
divino,10.0
barrocas,10.0
celina,10.0
ribeirao vermelho,10.0
mimoso do sul,10.0
bataguassu,10.0
ivora,10.0
abreu e lima,10.0
planaltina de goias,10.0
coimbra,10.0
santo antonio,10.0
catarina,10.0
iguaracu,10.0
tarumirim,10.0
capela,10.0
maripa,10.0
salto do itarare,10.0
nova erechim,10.0
florida,10.0
nova olinda,10.0
caxambu,10.0
presidente olegario,10.0
coronel murta,10.0
morada nova de minas,10.0
mucuri,10.0
mucurici,10.0
nova mutum,10.0
itapaci,10.0
braco do norte,10.0
alambari,10.0
tarabai,10.0
manoel viana,10.0
potiragua,10.0
francisco badaro,10.0
conceicao do coite,10.0
tamboara,10.0
rio do sul,10.0
marilena,10.0
sao jorge do ivai,10.0
nova esperanca do sudoeste,10.0
manga,10.0
lavras da mangabeira,10.0
tenente portela,10.0
cortes,10.0
lavrinhas,10.0
tapinas,10.0
brejo bonito,10.0
virgem da lapa,10.0
esmeralda,10.0
santa terezinha de itaipu,10.0
maracas,10.0
colorado do oeste,10.0
tabatinga,10.0
antunes,10.0
catas altas,10.0
sao martinho,10.0
porto xavier,10.0
guarapari,9.958333333333334
santo angelo,9.952380952380953
paranagua,9.928571428571429
uniao da vitoria,9.88888888888889
parati,9.88888888888889
pirassununga,9.88888888888889
itaguai,9.882352941176471
medianeira,9.875
monte siao,9.857142857142858
simoes filho,9.857142857142858
ouro preto,9.823529411764707
eunapolis,9.818181818181818
araxa,9.807692307692308
telemaco borba,9.8
londrina,9.767123287671232
queimados,9.761904761904763
piedade de caratinga,9.75
registro,9.727272727272727
maringa,9.67605633802817
quixabeira,9.666666666666666
brazopolis,9.666666666666666
assis chateaubriand,9.666666666666666
estancia velha,9.666666666666666
aimores,9.666666666666666
bocaiuva,9.666666666666666
sao gabriel do oeste,9.666666666666666
pedro canario,9.666666666666666
vitoria,9.635593220338983
veranopolis,9.625
jaragua do sul,9.617647058823529
sidrolandia,9.6
panorama,9.6
camapua,9.6
alta floresta,9.6
rio verde,9.578947368421053
gravatai,9.578947368421053
sao mateus,9.578947368421053
petropolis,9.53968253968254
cachoeiro de itapemirim,9.529411764705882
lencois paulista,9.529411764705882
sao leopoldo,9.514285714285714
itaguacu,9.5
turvolandia,9.5
nova cantu,9.5
tupaciguara,9.5
sananduva,9.5
campo bom,9.5
rio de contas,9.5
piratuba,9.5
governador portela,9.5
barra do ribeiro,9.5
lagoa da prata,9.5
firminopolis,9.5
tocantinopolis,9.5
pedro de toledo,9.5
nova petropolis,9.5
cassia,9.5
ribeirao do pinhal,9.5
sao joao da barra,9.5
ibaiti,9.5
ibiam,9.5
sapezal,9.5
imbituva,9.5
apiai,9.5
livramento de nossa senhora,9.5
ouro branco,9.444444444444445
colatina,9.44
montenegro,9.4375
alem paraiba,9.428571428571429
taboao da serra,9.422535211267606
uruguaiana,9.4
sete lagoas,9.4
panambi,9.4
casimiro de abreu,9.375
ipatinga,9.354166666666666
sapucaia,9.333333333333334
pirapetinga,9.333333333333334
santa rosa de viterbo,9.333333333333334
jaguarao,9.333333333333334
itanhandu,9.333333333333334
marilandia,9.333333333333334
presidente venceslau,9.285714285714286
caratinga,9.25
maracaju,9.25
goitacazes,9.25
pecanha,9.25
paraiso do tocantins,9.25
capao da canoa,9.25
embu das artes,9.24390243902439
alegrete,9.222222222222221
guariba,9.2
dias d'avila,9.2
osorio,9.166666666666666
paranavai,9.153846153846153
louveira,9.142857142857142
machado,9.11111111111111
nanuque,9.11111111111111
ilha solteira,9.11111111111111
santa barbara,9.1
artur nogueira,9.1
lajeado,9.076923076923077
guaraniacu,9.0
ipiranga de goias,9.0
fazenda rio grande,9.0
ibiruba,9.0
capim grosso,9.0
engenheiro navarro,9.0
ibiracatu,9.0
cristalia,9.0
cerrito,9.0
camocim de sao felix,9.0
malacacheta,9.0
luiziana,9.0
alta floresta d'oeste,9.0
campinacu,9.0
itaberai,9.0
jaraguari,9.0
celso ramos,9.0
antonio carlos,9.0
jarinu,9.0
jataizinho,9.0
aripuana,9.0
araputanga,9.0
alto rio doce,9.0
bom jesus das selvas,9.0
alto alegre do pindare,9.0
imbe,9.0
britania,9.0
feliz natal,9.0
jacarezinho,9.0
alfredo chaves,9.0
urutai,9.0
alexandria,9.0
horizonte,9.0
curiuva,9.0
bela vista,9.0
vargeao,9.0
ilha grande,9.0
alexandrita,9.0
matias barbosa,9.0
alfredo wagner,9.0
varzedo,9.0
matupa,9.0
itauba,9.0
gurupi,9.0
guaratinga,9.0
jundiai do sul,9.0
combinado,9.0
barra,9.0
dois irmaos do buriti,9.0
agua santa,9.0
itanhomi,9.0
buriti dos lopes,9.0
cajuri,9.0
lagoinha,9.0
farol,9.0
arroio do meio,9.0
medeiros neto,9.0
caarapo,9.0
california da barra,9.0
marituba,9.0
nova america da colina,9.0
botuvera,9.0
sao goncalo do rio abaixo,9.0
mossamedes,9.0
navirai,9.0
sao lourenco do piaui,9.0
sao jose dos quatro marcos,9.0
santana de pirapama,9.0
prado,9.0
campo do meio,9.0
rio das pedras,9.0
santaluz,9.0
simplicio mendes,9.0
toritama,9.0
pojuca,9.0
rianapolis,9.0
paranatinga,9.0
paracatu,9.0
pantano grande,9.0
palminopolis,9.0
palmares do sul,9.0
planaltina do parana,9.0
pacoti,9.0
sertania,9.0
passo de torres,9.0
mundo novo,9.0
senador la rocque,9.0
pilao arcado,9.0
recreio,9.0
santo antonio do palma,9.0
sao lourenco do sul,9.0
salto veloso,9.0
periquito,9.0
remanso,9.0
cianorte,9.0
guaracai,9.0
carangola,9.0
lencois,9.0
araujos,9.0
urubici,9.0
forquilha,9.0
cumari,9.0
corupa,9.0
divisa alegre,9.0
zortea,9.0
solonopole,9.0
aurea,9.0
tiros,9.0
novo barreiro,9.0
sinimbu,9.0
treviso,9.0
porto belo,9.0
solanea,9.0
presidente getulio,9.0
santa barbara do sul,9.0
santa luzia do parua,9.0
nova guarita,9.0
nova fatima,9.0
salto do ceu,9.0
santo antonio do planalto,9.0
resende,8.972972972972974
bento goncalves,8.933333333333334
tiete,8.923076923076923
mage,8.9
carazinho,8.88888888888889
lagoa vermelha,8.875
maracanau,8.857142857142858
taquaritinga,8.857142857142858
santa rita do sapucai,8.833333333333334
brumado,8.833333333333334
paraiba do sul,8.833333333333334
sao gabriel da palha,8.833333333333334
guapimirim,8.833333333333334
cruz alta,8.818181818181818
nova lima,8.814814814814815
betim,8.8
teofilo otoni,8.8
itaocara,8.8
itatiaia,8.8
tanabi,8.8
bombinhas,8.8
arcos,8.777777777777779
extrema,8.76923076923077
cornelio procopio,8.75
cacador,8.75
dois irmaos,8.75
buritizeiro,8.75
planalto,8.75
pocos de caldas,8.742857142857142
itupeva,8.666666666666666
primeiro de maio,8.666666666666666
vespasiano,8.666666666666666
conceicao do rio verde,8.666666666666666
dois vizinhos,8.666666666666666
taio,8.666666666666666
santa cecilia,8.666666666666666
conquista,8.666666666666666
pitangui,8.666666666666666
frederico westphalen,8.666666666666666
visconde do rio branco,8.625
ponte nova,8.61111111111111
mutum,8.6
manhumirim,8.6
sao fidelis,8.6
bom jesus dos perdoes,8.6
novo horizonte,8.6
imbituba,8.6
jaguare,8.6
passos,8.583333333333334
estrela,8.571428571428571
pinhalzinho,8.571428571428571
taubate,8.566265060240964
lagoa santa,8.5625
valparaiso de goias,8.545454545454545
unai,8.5
ivaipora,8.5
urandi,8.5
mato leitao,8.5
carmo do rio claro,8.5
montanha,8.5
juti,8.5
itamonte,8.5
piraquara,8.5
miracema,8.5
guadalupe,8.5
santo antonio do itambe,8.5
lourdes,8.5
santa rosa,8.5
cordeiro,8.5
martinopolis,8.5
santo antonio da platina,8.5
potirendaba,8.5
sao domingos do prata,8.5
nova alvorada do sul,8.5
ipiranga,8.5
cerro azul,8.5
nova monte verde,8.5
santo antonio da patrulha,8.5
bias fortes,8.5
santa clara do sul,8.5
encantado,8.5
pien,8.5
porciuncula,8.5
pirapora,8.470588235294118
barbacena,8.461538461538462
sao joao del rei,8.4375
guaruja,8.420289855072463
icara,8.375
rolandia,8.375
patos de minas,8.35483870967742
marmeleiro,8.333333333333334
antonio prado,8.333333333333334
sao marcos,8.333333333333334
jaiba,8.333333333333334
pinheiro machado,8.333333333333334
gaspar,8.333333333333334
arroio dos ratos,8.333333333333334
herval d'oeste,8.333333333333334
charqueada,8.333333333333334
jussara,8.333333333333334
mesquita,8.31578947368421
sapucaia do sul,8.307692307692308
bambui,8.285714285714286
santo antonio do monte,8.285714285714286
fraiburgo,8.285714285714286
quatro barras,8.285714285714286
sao jose do rio preto,8.279069767441861
dracena,8.272727272727273
portao,8.25
itapoa,8.25
jaguariaiva,8.25
santiago,8.25
bandeirantes,8.25
piracanjuba,8.25
cacapava do sul,8.25
mineiros,8.25
divinopolis,8.23404255319149
itajai,8.227272727272727
coronel vivida,8.2
coromandel,8.2
aracuai,8.2
guaxupe,8.2
abaete,8.2
sao sebastiao,8.2
paranaiba,8.2
farroupilha,8.166666666666666
pontal,8.166666666666666
salto,8.153846153846153
tres rios,8.142857142857142
nova era,8.142857142857142
japeri,8.1
apucarana,8.076923076923077
almirante tamandare,8.076923076923077
belo horizonte,8.072322670375522
itajuba,8.052631578947368
catende,8.0
dumont,8.0
marau,8.0
monte formoso,8.0
alfredo vasconcelos,8.0
terra boa,8.0
rio do pires,8.0
maristela,8.0
rio do campo,8.0
uruburetama,8.0
morro vermelho,8.0
marilandia do sul,8.0
cunha,8.0
monte belo,8.0
diamantino,8.0
maximiliano de almeida,8.0
timbe do sul,8.0
meleiro,8.0
alagoa,8.0
aguai,8.0
afogados da ingazeira,8.0
adolfo,8.0
rio acima,8.0
monte aprazivel,8.0
marataizes,8.0
mansidao,8.0
munhoz de melo,8.0
barra longa,8.0
sao joao do piaui,8.0
rubiataba,8.0
palma sola,8.0
paraipaba,8.0
floreal,8.0
buerarema,8.0
gameleira,8.0
jaqueira,8.0
corbelia,8.0
olaria,8.0
jeceaba,8.0
jose boiteux,8.0
sales oliveira,8.0
flores da cunha,8.0
sao joaquim de bicas,8.0
sao manuel,8.0
cachoeira alta,8.0
buritama,8.0
itatim,8.0
santa margarida,8.0
sao jose do ouro,8.0
condado,8.0
conselheiro pena,8.0
papagaios,8.0
porto uniao,8.0
paiva,8.0
tres marias,8.0
para de minas,8.0
congonhas,8.0
fazenda nova,8.0
pureza,8.0
saudade do iguacu,8.0
pedrinhas paulista,8.0
vassouras,8.0
santana da vargem,8.0
clementina,8.0
passos maia,8.0
candiota,8.0
capao bonito,8.0
santa isabel do para,8.0
capinopolis,8.0
iconha,8.0
cambuci,8.0
ibiraci,8.0
juatuba,8.0
capoeiras,8.0
porto ferreira,8.0
pirajui,8.0
picada cafe,8.0
perola d'oeste,8.0
itamarandiba,8.0
pareci novo,8.0
itaobim,8.0
santa maria do salto,8.0
campestre,8.0
santa maria madalena,8.0
guararapes,8.0
gaurama,8.0
guararema,8.0
igarapava,8.0
picarra,8.0
campina verde,8.0
ipora,8.0
barra de sao joao,8.0
roque gonzales,8.0
jupi,8.0
lagoa de sao francisco,8.0
lauro muller,8.0
ariranha,8.0
urania,8.0
areal,8.0
corumbaiba,8.0
araguapaz,8.0
verissimo,8.0
luisburgo,8.0
lupercio,8.0
rio pardo de minas,8.0
natercia,8.0
mairinque,8.0
mampituba,8.0
ampere,8.0
sardoa,8.0
juruena,8.0
salgueiro,8.0
porteiras,8.0
campos gerais,8.0
inhapim,8.0
pitimbu,8.0
bertioga,7.928571428571429
patrocinio,7.916666666666667
toledo,7.904761904761905
itabira,7.894736842105263
castro,7.888888888888889
sao luiz gonzaga,7.875
janauba,7.875
ibitinga,7.833333333333333
piumhii,7.818181818181818
governador valadares,7.8108108108108105
itapecerica da serra,7.8
aracruz,7.8
paraisopolis,7.8
antonina,7.8
eloi mendes,7.8
campo mourao,7.785714285714286
espera feliz,7.777777777777778
tijucas,7.777777777777778
botelhos,7.75
chavantes,7.75
cotia,7.72463768115942
contagem,7.683673469387755
varginha,7.68
muzambinho,7.666666666666667
tapes,7.666666666666667
pariquera-acu,7.666666666666667
camanducaia,7.666666666666667
carlopolis,7.666666666666667
guaraci,7.666666666666667
teodoro sampaio,7.666666666666667
sao jose da barra,7.666666666666667
comendador levy gasparian,7.666666666666667
carandai,7.666666666666667
itabirito,7.666666666666667
presidente prudente,7.666666666666667
loanda,7.666666666666667
sao carlos,7.65
canoinhas,7.642857142857143
ubatuba,7.608695652173913
sacramento,7.6
pitangueiras,7.571428571428571
guarapuava,7.571428571428571
sao lourenco,7.538461538461538
joao pinheiro,7.5
jequitinhonha,7.5
areado,7.5
canela,7.5
irape,7.5
bicas,7.5
santana do livramento,7.5
taquari,7.5
sao geraldo,7.5
paranapanema,7.5
navegantes,7.5
perdigao,7.5
alvinopolis,7.5
carvalhopolis,7.5
perdoes,7.5
altonia,7.5
aruana,7.5
planura,7.5
iaciara,7.5
pato branco,7.5
caldeirao grande,7.5
gameleiras,7.5
esperantina,7.5
santa adelia,7.5
glicerio,7.5
cidreira,7.5
pontes e lacerda,7.5
corumba de goias,7.5
frutal,7.5
bananeiras,7.5
corinto,7.5
peruibe,7.466666666666667
pouso alegre,7.447368421052632
timbo,7.428571428571429
vicosa,7.424242424242424
curitiba,7.413098236775818
taquara,7.4
piquete,7.4
claudio,7.4
itapecerica,7.4
jundiai,7.378378378378378
bom jesus do itabapoana,7.375
coronel fabriciano,7.363636363636363
bom despacho,7.357142857142857
lavras,7.357142857142857
carapicuiba,7.351648351648351
ponta grossa,7.340909090909091
sorocaba,7.337078651685394
sao joao batista,7.333333333333333
coxim,7.333333333333333
sao gabriel,7.333333333333333
irati,7.333333333333333
pompeia,7.333333333333333
mirai,7.333333333333333
teixeiras,7.333333333333333
sao jeronimo,7.333333333333333
taiobeiras,7.333333333333333
siqueira campos,7.333333333333333
nova canaa do norte,7.333333333333333
sideropolis,7.333333333333333
guaratuba,7.333333333333333
boa esperanca do sul,7.333333333333333
jacui,7.333333333333333
montes claros,7.324675324675325
seropedica,7.3
ibipora,7.285714285714286
fernandopolis,7.285714285714286
uberaba,7.261904761904762
juiz de fora,7.2592592592592595
esmeraldas,7.25
guara,7.25
quedas do iguacu,7.25
monte azul paulista,7.25
piuma,7.25
barra velha,7.25
matinhos,7.25
piraju,7.25
sao joao da boa vista,7.238095238095238
piracicaba,7.2317073170731705
olimpia,7.2
sao borja,7.2
rancharia,7.2
sao bento do sul,7.2
natividade,7.2
araraquara,7.1891891891891895
francisco beltrao,7.181818181818182
cascavel,7.176470588235294
curitibanos,7.166666666666667
diamantina,7.166666666666667
guanhaes,7.142857142857143
pereira barreto,7.142857142857143
cacapava,7.066666666666666
joao monlevade,7.066666666666666
fervedouro,7.0
palma,7.0
porto murtinho,7.0
nova esperanca do sul,7.0
getulina,7.0
paraibuna,7.0
lapa,7.0
nova laranjeiras,7.0
nova canaa paulista,7.0
goioere,7.0
pocrane,7.0
governador dix-sept rosado,7.0
frei inocencio,7.0
governador lindenberg,7.0
itambacuri,7.0
fatima do sul,7.0
espinosa,7.0
palmitinho,7.0
inacio martins,7.0
monteiro lobato,7.0
ivate,7.0
itaju,7.0
itaipava,7.0
passa quatro,7.0
pacuja,7.0
matutina,7.0
irapua,7.0
quatigua,7.0
pirauba,7.0
estrela do indaia,7.0
paulistana,7.0
gastao vidigal,7.0
paranacity,7.0
iepe,7.0
palmeira d'oeste,7.0
entre folhas,7.0
herveiras,7.0
pirai do sul,7.0
reboucas,7.0
engenheiro balduino,7.0
raposos,7.0
jamapara,7.0
missal,7.0
riacho dos machados,7.0
janiopolis,7.0
varzelandia,7.0
entre rios,7.0
ibotirama,7.0
oriente,7.0
lontras,7.0
horizontina,7.0
vazante,7.0
valentim gentil,7.0
venda branca,7.0
novo cruzeiro,7.0
dom joaquim,7.0
lucelia,7.0
novo machado,7.0
entre rios de minas,7.0
eliseu martins,7.0
jardim alegre,7.0
ibia,7.0
igaratinga,7.0
ribeira do pombal,7.0
mar de espanha,7.0
estacao,7.0
espigao do oeste,7.0
nuporanga,7.0
borborema,7.0
catigua,7.0
santa quiteria,7.0
alcobaca,7.0
descoberto,7.0
catole do rocha,7.0
rio do antonio,7.0
santa lucia,7.0
almenara,7.0
santa rita do itueto,7.0
sao francisco de paula,7.0
riversul,7.0
tamarana,7.0
cajuru,7.0
caraibas,7.0
capitolio,7.0
bom jesus do norte,7.0
agudo,7.0
agisse,7.0
rio bonito do iguacu,7.0
torrinha,7.0
rio bonito,7.0
divinesia,7.0
abre campo,7.0
anguera,7.0
crominia,7.0
americo brasiliense,7.0
rio piracicaba,7.0
anta gorda,7.0
cravinhos,7.0
rio preto,7.0
anicuns,7.0
carmo do cajuru,7.0
coracao de jesus,7.0
bom retiro do sul,7.0
anage,7.0
cabralia paulista,7.0
barra do bugres,7.0
arraias,7.0
santo antonio do amparo,7.0
sao goncalo do sapucai,7.0
campos de julio,7.0
cabrobo,7.0
baependi,7.0
sao simao,7.0
chiapetta,7.0
rubiacea,7.0
sarandi,7.0
sao bernardo,7.0
sapeacu,7.0
rubim,7.0
berizal,7.0
cerro grande,7.0
avanhandava,7.0
santa cruz de goias,7.0
boa vista do burica,7.0
campanario,7.0
california,7.0
sao geraldo do baguari,7.0
cajati,7.0
sao joao de iracema,7.0
sao joao do oriente,7.0
sao joao evangelista,7.0
vista alegre do alto,7.0
sao jose da boa vista,7.0
caconde,7.0
salto de pirapora,7.0
sao jorge do oeste,7.0
birigui,6.954545454545454
manhuacu,6.904761904761905
capivari,6.9
pedro leopoldo,6.888888888888889
uberlandia,6.88785046728972
cajamar,6.875
cataguases,6.857142857142857
campo largo,6.857142857142857
campinas,6.855361596009975
santa fe do sul,6.818181818181818
muriae,6.818181818181818
diadema,6.8125
nova prata,6.8
pirapozinho,6.8
aguas lindas de goias,6.8
taquarituba,6.8
palotina,6.8
taruma,6.8
aracatuba,6.78125
iguaba grande,6.75
conceicao do mato dentro,6.75
cruzeiro,6.75
papucaia,6.75
boituva,6.75
nova serrana,6.75
minacu,6.75
santo antonio de padua,6.75
mata verde,6.75
ribeirao das neves,6.724137931034483
arapongas,6.714285714285714
sertaozinho,6.7
monte mor,6.6923076923076925
candido mota,6.666666666666667
botucatu,6.666666666666667
colina,6.666666666666667
tatui,6.666666666666667
cachoeira de minas,6.666666666666667
riachao do jacuipe,6.666666666666667
cruz machado,6.666666666666667
ituverava,6.666666666666667
arandu,6.666666666666667
bom jardim,6.666666666666667
cambara,6.666666666666667
brotas,6.666666666666667
alfenas,6.636363636363637
piedade,6.636363636363637
sao sebastiao do paraiso,6.625
barao de cocais,6.6
parobe,6.6
ouro fino,6.6
itapolis,6.6
araguari,6.578947368421052
palmital,6.571428571428571
tapejara,6.5
lima duarte,6.5
irineopolis,6.5
auriflama,6.5
francisco dumont,6.5
quatis,6.5
sete barras,6.5
leopoldina,6.5
porangatu,6.5
conceicao da aparecida,6.5
divinolandia de minas,6.5
primavera,6.5
piau,6.5
tabira,6.5
jesupolis,6.5
campos altos,6.5
jesuania,6.5
timoteo,6.5
holambra,6.5
orindiuva,6.5
sao domingos do norte,6.5
ouroeste,6.5
taguai,6.5
resplendor,6.5
caraguatatuba,6.481481481481482
lorena,6.476190476190476
lins,6.4375
tupa,6.4375
campos do jordao,6.428571428571429
nova granada,6.428571428571429
piracaia,6.416666666666667
ourinhos,6.407407407407407
santos,6.402010050251256
brumadinho,6.4
piratininga,6.4
pederneiras,6.4
carbonita,6.333333333333333
iracemapolis,6.333333333333333
serrana,6.333333333333333
ubirata,6.333333333333333
tres de maio,6.333333333333333
aluminio,6.333333333333333
paty do alferes,6.333333333333333
pinheiros,6.333333333333333
cerquilho,6.333333333333333
presidente bernardes,6.333333333333333
italva,6.25
itai,6.25
assis,6.2272727272727275
itapema,6.2
cordeiropolis,6.2
monte alto,6.2
ipero,6.166666666666667
barra bonita,6.166666666666667
tabapua,6.166666666666667
promissao,6.166666666666667
guaratingueta,6.142857142857143
sao paulo,6.136636636636637
monte carmelo,6.125
capelinha,6.125
aparecida,6.090909090909091
matao,6.076923076923077
marilia,6.06
campo limpo paulista,6.0588235294117645
araras,6.0476190476190474
aracariguama,6.0
lutecia,6.0
aracoiaba da serra,6.0
sud mennucci,6.0
sumare,6.0
peritiba,6.0
santa rosa de lima,6.0
surubim,6.0
nossa senhora das gracas,6.0
santo antonio do descoberto,6.0
ibiaca,6.0
pinhalao,6.0
lucianopolis,6.0
santa vitoria,6.0
carmo da mata,6.0
limeira do oeste,6.0
piranga,6.0
carneirinho,6.0
inhauma,6.0
santa mercedes,6.0
indiana,6.0
machacalis,6.0
sao cristovao do sul,6.0
campo bonito,6.0
pedregulho,6.0
sobralia,6.0
tres barras,6.0
campos borges,6.0
carrancas,6.0
macedonia,6.0
pejucara,6.0
sao bento do sapucai,6.0
santa tereza do oeste,6.0
santa cruz das palmeiras,6.0
areia branca,6.0
mallet,6.0
sao joaquim da barra,6.0
santa helena de minas,6.0
piritiba,6.0
piripa,6.0
taquaracu de minas,6.0
mambore,6.0
camacho,6.0
leme,6.0
itaguara,6.0
itaguaje,6.0
guapiara,6.0
cambiasca,6.0
itacarambi,6.0
tapiratiba,6.0
santa helena de goias,6.0
caiaponia,6.0
major vieira,6.0
mantenopolis,6.0
vargem grande do sul,6.0
cassia dos coqueiros,6.0
guapiacu,6.0
manduri,6.0
amparo da serra,6.0
liberdade,6.0
santa cruz de monte castelo,6.0
goiandira,6.0
cajari,6.0
taiuva,6.0
itaperucu,6.0
sao joao do ivai,6.0
claraval,6.0
populina,6.0
santa rita de jacutinga,6.0
urucui,6.0
clevelandia,6.0
sao jose do barreiro,6.0
fernao,6.0
morpara,6.0
atalaia,6.0
fronteira,6.0
fundao,6.0
pancas,6.0
conchal,6.0
conrado,6.0
lagoa dourada,6.0
alto parana,6.0
morro reuter,6.0
cachoeira da prata,6.0
alto jequitiba,6.0
fartura,6.0
palmitos,6.0
porto firme,6.0
lavinia,6.0
ituporanga,6.0
tupandi,6.0
colorado,6.0
ladainha,6.0
mata grande,6.0
itatinga,6.0
prata,6.0
balneario barra do sul,6.0
cabreuva,6.0
sacra familia do tingua,6.0
terra de areia,6.0
laranjal,6.0
itapeva,6.0
balsamo,6.0
alto horizonte,6.0
monte santo de minas,6.0
capao do cipo,6.0
sao roque de minas,6.0
alagoa grande,6.0
estrela d'oeste,6.0
cosmorama,6.0
barao de cotegipe,6.0
borda da mata,6.0
sao miguel do anta,6.0
tres fronteiras,6.0
nova veneza,6.0
miguelopolis,6.0
quitandinha,6.0
cristais,6.0
cristais paulista,6.0
engenheiro coelho,6.0
jampruca,6.0
colinas,6.0
bonfim paulista,6.0
cruzeiro do iguacu,6.0
osvaldo cruz,6.0
mombuca,6.0
oscar bressane,6.0
jordania,6.0
elisiario,6.0
ortigueira,6.0
reserva,6.0
dom vicoso,6.0
mococa,6.0
dom basilio,6.0
rio bananal,6.0
orleans,6.0
jenipapo de minas,6.0
miracatu,6.0
divinolandia,6.0
sao jose dos pinhais,5.942857142857143
itauna,5.9375
penapolis,5.928571428571429
andradina,5.909090909090909
jales,5.888888888888889
santo antonio de posse,5.888888888888889
sabara,5.857142857142857
ribeirao preto,5.825396825396825
pedreira,5.8
presidente epitacio,5.8
bastos,5.8
ferraz de vasconcelos,5.766666666666667
rolante,5.75
tres pontas,5.75
barroso,5.75
junqueiropolis,5.75
mendes,5.75
igarape,5.75
conceicao de macabu,5.75
cafelandia,5.75
santa gertrudes,5.75
itapira,5.733333333333333
agudos,5.714285714285714
ibirite,5.7
votuporanga,5.6875
santana do paraiso,5.666666666666667
arapoti,5.666666666666667
uruana,5.666666666666667
andira,5.666666666666667
franca,5.651162790697675
atibaia,5.608695652173913
pindamonhangaba,5.548387096774194
cubatao,5.535714285714286
sao jose do rio pardo,5.533333333333333
tremembe,5.5
paraguacu paulista,5.5
areiopolis,5.5
figueira,5.5
boa esperanca,5.5
ibira,5.5
rio manso,5.5
barbosa ferraz,5.5
nova trento,5.5
serra azul de minas,5.5
sao jose da lapa,5.5
morro agudo,5.5
paraiso,5.5
colombia,5.5
espirito santo do turvo,5.5
guarulhos,5.456026058631922
santa cruz do rio pardo,5.428571428571429
pomerode,5.4
batatais,5.363636363636363
bilac,5.333333333333333
cidade ocidental,5.333333333333333
bananal,5.333333333333333
macatuba,5.333333333333333
jose bonifacio,5.333333333333333
valparaiso,5.333333333333333
iguape,5.333333333333333
dois corregos,5.25
serra negra,5.25
bebedouro,5.2
regente feijo,5.2
mogi-guacu,5.2
cachoeira paulista,5.2
orlandia,5.2
bauru,5.175
santa rita do passa quatro,5.166666666666667
amparo,5.15
sao bernardo do campo,5.133858267716535
santo anastacio,5.125
mirassol,5.1
jandira,5.083333333333333
limeira,5.0576923076923075
barreira,5.0
sarzedo,5.0
bocaina,5.0
sao pedro do turvo,5.0
ouro verde,5.0
jaboti,5.0
pacaembu,5.0
jacupiranga,5.0
caetanopolis,5.0
cabo verde,5.0
nova santa rosa,5.0
cajobi,5.0
pains,5.0
itinga,5.0
jussiape,5.0
serra dos aimores,5.0
belo vale,5.0
astolfo dutra,5.0
sao jose do cerrito,5.0
itarare,5.0
belo oriente,5.0
iapu,5.0
paranapua,5.0
itarana,5.0
ipigua,5.0
ararangua,5.0
santo antonio do jardim,5.0
santo expedito,5.0
jardim abc de goias,5.0
itabera,5.0
bemposta,5.0
caputira,5.0
apiuna,5.0
aparecida d'oeste,5.0
viradouro,5.0
taboquinhas,5.0
antonio goncalves,5.0
cardoso moreira,5.0
luis antonio,5.0
araci,5.0
ibipitanga,5.0
carmo de minas,5.0
guarei,5.0
simolandia,5.0
taparuba,5.0
saltinho,5.0
itapetim,5.0
moncoes,5.0
cuite,5.0
santa rita de caldas,5.0
nazare paulista,5.0
pirangi,5.0
anhumas,5.0
castilho,5.0
poxoreu,5.0
dona euzebia,5.0
ceara-mirim,5.0
nantes,5.0
santa leopoldina,5.0
santa juliana,5.0
cedro do abaete,5.0
mendes pimentel,5.0
conceicao do castelo,5.0
martins soares,5.0
pocoes,5.0
sales,5.0
matipo,5.0
juruaia,5.0
luz,5.0
pilar do sul,5.0
sao tome,5.0
ritapolis,5.0
medina,5.0
tejupa,5.0
venturosa,5.0
romaria,5.0
quata,5.0
rosana,5.0
mateus leme,5.0
montezuma,5.0
alpinopolis,5.0
maria da fe,5.0
alvares machado,5.0
conceicao das pedras,5.0
ribeirao bonito,5.0
itapetininga,4.954545454545454
santo andre,4.914027149321267
votorantim,4.9
suzano,4.898550724637682
braganca paulista,4.871794871794871
itatiba,4.8
formiga,4.8
cerqueira cesar,4.8
garca,4.8
valinhos,4.787234042553192
sao caetano do sul,4.771428571428571
descalvado,4.75
ibiuna,4.75
ibate,4.666666666666667
itapura,4.666666666666667
aguas da prata,4.666666666666667
sao lourenco da serra,4.666666666666667
fernando prestes,4.666666666666667
sao jose do norte,4.666666666666667
embu,4.666666666666667
sao jose dos campos,4.654545454545454
guaira,4.636363636363637
jau,4.578947368421052
americana,4.53125
jaguariuna,4.526315789473684
lagoa formosa,4.5
tambau,4.5
bras pires,4.5
guaranesia,4.5
conchas,4.5
conceicao das alagoas,4.5
jandaia do sul,4.5
paulo de faria,4.5
paraopeba,4.5
buri,4.5
bom principio,4.5
bariri,4.5
apiaca,4.5
maua,4.5
guaicara,4.5
matozinhos,4.428571428571429
sao pedro,4.4
indaiatuba,4.385542168674699
mogi mirim,4.346153846153846
nova ponte,4.333333333333333
estiva gerbi,4.333333333333333
maracai,4.333333333333333
nova esperanca,4.333333333333333
socorro,4.333333333333333
pinheiral,4.333333333333333
prudentopolis,4.333333333333333
franco da rocha,4.243243243243243
sao roque,4.190476190476191
itu,4.1875
juquitiba,4.125
paulinia,4.103448275862069
osasco,4.081447963800905
elias fausto,4.0
nossa senhora de caravaggio,4.0
espirito santo do pinhal,4.0
monsenhor paulo,4.0
jacarau,4.0
abadia dos dourados,4.0
pompeu,4.0
nazareno,4.0
rio rufino,4.0
senador modestino goncalves,4.0
segredo,4.0
sao roque do canaa,4.0
iacanga,4.0
sao francisco do humaita,4.0
salesopolis,4.0
pequi,4.0
dores do indaia,4.0
sao miguel arcanjo,4.0
igaracu do tiete,4.0
caibi,4.0
formoso,4.0
caracol,4.0
alpercata,4.0
mirandopolis,4.0
altaneira,4.0
arealva,4.0
brasilandia de minas,4.0
imigrante,4.0
cananeia,4.0
morungaba,4.0
coroados,4.0
corrego danta,4.0
itapui,4.0
ipueiras,4.0
cruzilia,4.0
cesario lange,4.0
mogi das cruzes,3.9606299212598426
barueri,3.8217821782178216
santa isabel,3.75
santa barbara d'oeste,3.5384615384615383
embu-guacu,3.5384615384615383
ipira,3.5
ribeirao pires,3.5
sabino,3.5
biritiba-mirim,3.5
aruja,3.3
pradopolis,3.25
santana de parnaiba,3.1944444444444446
cosmopolis,3.142857142857143
mairipora,3.1363636363636362
itapevi,3.1176470588235294
ponte serrada,3.0
urupes,3.0
silveiras,3.0
ipaba,3.0
severinia,3.0
perdizes,3.0
jardinopolis,3.0
analandia,3.0
canitar,3.0
werneck,3.0
augusto correa,3.0
glorinha,3.0
arapora,3.0
santo antonio da alegria,3.0
crissiumal,3.0
santa mariana,3.0
santa maria da serra,3.0
parapua,3.0
oleo,3.0
estrela do norte,3.0
cruzeiro do oeste,3.0
ubirajara,3.0
morro do chapeu,3.0
sao patricio,3.0
sao pedro da uniao,3.0
monte alegre de minas,3.0
caetanos,3.0
vargem grande paulista,2.8666666666666667
santa albertina,2.5
rio grande da serra,2.375
caieiras,2.3333333333333335
poa,2.1724137931034484
dobrada,2.0
dores do rio preto,2.0
eldorado,2.0
embauba,2.0
iaras,2.0
ilha comprida,2.0
corumbatai,2.0
icem,2.0
ubata,2.0
iguatama,2.0
santa barbara d oeste,2.0
indiapora,2.0
agua comprida,2.0
ipaussu,2.0
nova brescia,2.0
miraguai,2.0
nova londrina,2.0
nova aurora,2.0
santa monica,2.0
ventania,2.0
itaitinga,2.0
jumirim,1.5
roseira,1.0
setubinha,1.0
anta,1.0
tupancireta,1.0
alexania,1.0
dionisio,1.0
pirapora do bom jesus,1.0
